{"cameraMode":{"drawMode":0,"name":"Shaded","section":"Shading Mode"},"sceneLighting":false,"audioPlay":false,"sceneViewState":{"showFog":true,"showMaterialUpdate":false,"showSkybox":false,"showFlares":true,"showImageEffects":true,"showParticleSystems":true},"in2DMode":false,"pivot":{"x":4.113562107086182,"y":4.916943550109863,"z":1.3935303688049317},"rotation":{"x":0.4259169399738312,"y":-0.3112712502479553,"z":0.15885920822620393,"w":0.83454829454422},"size":31.148435592651368,"orthographic":true}