{"cameraMode":{"drawMode":0,"name":"Shaded","section":"Shading Mode"},"sceneLighting":false,"audioPlay":false,"sceneViewState":{"showFog":false,"showMaterialUpdate":false,"showSkybox":false,"showFlares":false,"showImageEffects":false,"showParticleSystems":false},"in2DMode":false,"pivot":{"x":1.947049617767334,"y":2.9739303588867189,"z":0.09373807907104492},"rotation":{"x":0.25023019313812258,"y":0.6081316471099854,"z":-0.21034064888954163,"w":0.7234615087509155},"size":7.577293395996094,"orthographic":true}