{"cameraMode":{"drawMode":0,"name":"Shaded","section":"Shading Mode"},"sceneLighting":false,"audioPlay":false,"sceneViewState":{"showFog":true,"showMaterialUpdate":false,"showSkybox":false,"showFlares":true,"showImageEffects":true,"showParticleSystems":true},"in2DMode":false,"pivot":{"x":66.408203125,"y":8.654296875,"z":-3.491607666015625},"rotation":{"x":0.11797048896551132,"y":-0.06489325314760208,"z":0.0077260262332856659,"w":0.9908654689788818},"size":3.1038665771484377,"orthographic":true}