{"cameraMode":{"drawMode":0,"name":"Shaded","section":"Shading Mode"},"sceneLighting":false,"audioPlay":false,"sceneViewState":{"showFog":true,"showMaterialUpdate":false,"showSkybox":false,"showFlares":true,"showImageEffects":true,"showParticleSystems":true},"in2DMode":false,"pivot":{"x":14.748291015625,"y":3.296865463256836,"z":7.7516279220581059},"rotation":{"x":0.1847086250782013,"y":-0.048035603016614917,"z":0.009039224125444889,"w":0.9815784096717835},"size":3.5758044719696047,"orthographic":true}