{"cameraMode":{"drawMode":0,"name":"Shaded","section":"Shading Mode"},"sceneLighting":false,"audioPlay":false,"sceneViewState":{"showFog":true,"showMaterialUpdate":false,"showSkybox":false,"showFlares":true,"showImageEffects":true,"showParticleSystems":true},"in2DMode":false,"pivot":{"x":-67.04649353027344,"y":3.9702911376953127,"z":88.2138671875},"rotation":{"x":0.014999222941696644,"y":-0.004499311558902264,"z":0.00006742283585481346,"w":0.999878466129303},"size":2.592085123062134,"orthographic":true}