{"cameraMode":{"drawMode":0,"name":"Shaded","section":"Shading Mode"},"sceneLighting":false,"audioPlay":false,"sceneViewState":{"showFog":false,"showMaterialUpdate":false,"showSkybox":false,"showFlares":false,"showImageEffects":false,"showParticleSystems":false},"in2DMode":false,"pivot":{"x":2.5648880004882814,"y":2.231649398803711,"z":0.17510199546813966},"rotation":{"x":0.14721646904945374,"y":0.6561998724937439,"z":-0.1326759159564972,"w":0.7281051278114319},"size":6.017881393432617,"orthographic":true}