{"cameraMode":{"drawMode":0,"name":"Shaded","section":"Shading Mode"},"sceneLighting":false,"audioPlay":false,"sceneViewState":{"showFog":true,"showMaterialUpdate":false,"showSkybox":false,"showFlares":true,"showImageEffects":true,"showParticleSystems":true},"in2DMode":false,"pivot":{"x":69.7666015625,"y":0.165771484375,"z":-18.5556640625},"rotation":{"x":-0.1001674011349678,"y":0.1786884367465973,"z":0.018289627507328988,"w":0.9786251783370972},"size":3.470033884048462,"orthographic":true}