{"cameraMode":{"drawMode":0,"name":"Shaded","section":"Shading Mode"},"sceneLighting":false,"audioPlay":false,"sceneViewState":{"showFog":true,"showMaterialUpdate":false,"showSkybox":false,"showFlares":true,"showImageEffects":true,"showParticleSystems":true},"in2DMode":false,"pivot":{"x":4.385374069213867,"y":3.2968649864196779,"z":2.046633243560791},"rotation":{"x":-0.3011598289012909,"y":0.09563904255628586,"z":-0.030355192720890046,"w":-0.9483066201210022},"size":3.883321762084961,"orthographic":true}