{"cameraMode":{"drawMode":0,"name":"Shaded","section":"Shading Mode"},"sceneLighting":false,"audioPlay":false,"sceneViewState":{"showFog":true,"showMaterialUpdate":false,"showSkybox":false,"showFlares":true,"showImageEffects":true,"showParticleSystems":true},"in2DMode":false,"pivot":{"x":14.973388671875,"y":1.459228515625,"z":-44.730621337890628},"rotation":{"x":0.053552377969026569,"y":-0.9273217916488648,"z":0.14584724605083466,"w":0.3404944837093353},"size":1.9361892938613892,"orthographic":true}