{"cameraMode":{"drawMode":0,"name":"Shaded","section":"Shading Mode"},"sceneLighting":false,"audioPlay":false,"sceneViewState":{"showFog":true,"showMaterialUpdate":false,"showSkybox":false,"showFlares":true,"showImageEffects":true,"showParticleSystems":true},"in2DMode":false,"pivot":{"x":14.642794609069825,"y":0.666015625,"z":-48.47050094604492},"rotation":{"x":0.10867702960968018,"y":0.01043757051229477,"z":-0.0011414836626499892,"w":0.9940224885940552},"size":1.2468968629837037,"orthographic":true}