{"cameraMode":{"drawMode":0,"name":"Shaded","section":"Shading Mode"},"sceneLighting":false,"audioPlay":false,"sceneViewState":{"showFog":false,"showMaterialUpdate":false,"showSkybox":false,"showFlares":false,"showImageEffects":false,"showParticleSystems":false},"in2DMode":false,"pivot":{"x":-61.847415924072269,"y":5.154313087463379,"z":103.06999969482422},"rotation":{"x":-0.27939391136169436,"y":0.36657992005348208,"z":-0.11641620099544525,"w":-0.8797792196273804},"size":14.281140327453614,"orthographic":true}