{"cameraMode":{"drawMode":0,"name":"Shaded","section":"Shading Mode"},"sceneLighting":true,"audioPlay":false,"sceneViewState":{"showFog":true,"showMaterialUpdate":false,"showSkybox":false,"showFlares":true,"showImageEffects":true,"showParticleSystems":true},"in2DMode":false,"pivot":{"x":-226.57427978515626,"y":9.489998817443848,"z":30.35102653503418},"rotation":{"x":-0.2598847448825836,"y":0.7349274158477783,"z":-0.3890768587589264,"w":-0.49089229106903078},"size":60.62177658081055,"orthographic":true}