{"cameraMode":{"drawMode":0,"name":"Shaded","section":"Shading Mode"},"sceneLighting":false,"audioPlay":false,"sceneViewState":{"showFog":true,"showMaterialUpdate":false,"showSkybox":false,"showFlares":true,"showImageEffects":true,"showParticleSystems":true},"in2DMode":false,"pivot":{"x":8.880000114440918,"y":1.399999976158142,"z":3.9499998092651369},"rotation":{"x":0.2731251120567322,"y":-0.07494225353002548,"z":0.021347256377339364,"w":0.9588395953178406},"size":3.535533905029297,"orthographic":true}