{"cameraMode":{"drawMode":0,"name":"Shaded","section":"Shading Mode"},"sceneLighting":false,"audioPlay":false,"sceneViewState":{"showFog":false,"showMaterialUpdate":false,"showSkybox":false,"showFlares":false,"showImageEffects":false,"showParticleSystems":false},"in2DMode":false,"pivot":{"x":3.4655308723449709,"y":6.744868278503418,"z":-0.3302478790283203},"rotation":{"x":0.1750992387533188,"y":0.6376758217811585,"z":-0.15200117230415345,"w":0.7345807552337647},"size":3.5811469554901125,"orthographic":true}