{"cameraMode":{"drawMode":0,"name":"Shaded","section":"Shading Mode"},"sceneLighting":false,"audioPlay":false,"sceneViewState":{"showFog":false,"showMaterialUpdate":false,"showSkybox":false,"showFlares":false,"showImageEffects":false,"showParticleSystems":false},"in2DMode":false,"pivot":{"x":-61.86000061035156,"y":4.809999942779541,"z":107.20999908447266},"rotation":{"x":0.4517771601676941,"y":-0.1714794933795929,"z":0.08895091712474823,"w":0.8709706664085388},"size":1.764641523361206,"orthographic":true}