{"cameraMode":{"drawMode":0,"name":"Shaded","section":"Shading Mode"},"sceneLighting":false,"audioPlay":false,"sceneViewState":{"showFog":true,"showMaterialUpdate":false,"showSkybox":false,"showFlares":true,"showImageEffects":true,"showParticleSystems":true},"in2DMode":false,"pivot":{"x":0.4869389533996582,"y":2.032604217529297,"z":2.1089999675750734},"rotation":{"x":0.32167181372642519,"y":-0.501293957233429,"z":0.2078176736831665,"w":0.7759214639663696},"size":1.27937912940979,"orthographic":true}