{"cameraMode":{"drawMode":0,"name":"Shaded","section":"Shading Mode"},"sceneLighting":true,"audioPlay":false,"sceneViewState":{"showFog":true,"showMaterialUpdate":false,"showSkybox":false,"showFlares":true,"showImageEffects":true,"showParticleSystems":true},"in2DMode":false,"pivot":{"x":-77.98001098632813,"y":9.489997863769532,"z":71.25},"rotation":{"x":0.27350273728370669,"y":0.6336257457733154,"z":-0.25602129101753237,"w":0.676887571811676},"size":121.2435531616211,"orthographic":true}