{"cameraMode":{"drawMode":0,"name":"Shaded","section":"Shading Mode"},"sceneLighting":false,"audioPlay":false,"sceneViewState":{"showFog":false,"showMaterialUpdate":false,"showSkybox":false,"showFlares":false,"showImageEffects":false,"showParticleSystems":false},"in2DMode":false,"pivot":{"x":3.275000810623169,"y":4.378182411193848,"z":-0.017500877380371095},"rotation":{"x":0.04747164994478226,"y":0.6932225823402405,"z":-0.04578442499041557,"w":0.7177620530128479},"size":6.363687992095947,"orthographic":true}