{"cameraMode":{"drawMode":0,"name":"Shaded","section":"Shading Mode"},"sceneLighting":false,"audioPlay":false,"sceneViewState":{"showFog":true,"showMaterialUpdate":false,"showSkybox":false,"showFlares":true,"showImageEffects":true,"showParticleSystems":true},"in2DMode":false,"pivot":{"x":6.010000228881836,"y":3.1500000953674318,"z":0.8700000047683716},"rotation":{"x":0.42796024680137637,"y":-0.28653672337532046,"z":0.14515750110149384,"w":0.8448053002357483},"size":1.1114692687988282,"orthographic":true}